{"usbc_connector": {"instance_path": "/github/workspace/elec/src/veramonitor.ato:Veramonitor::usbc_connector", "layout_path": "/github/workspace/elec/src/usb-connectors/elec/layout/default/usbc.kicad_pcb", "uuid_map": {"216e8d6e-09fe-c468-e6a1-f9f0db4c6894": "66ce7d30-5663-ddb1-d265-5551fcbbe2d2", "9cd32951-a939-2195-e588-da90ab0f5e2c": "523266f9-8757-af3c-3922-847fdc411b04", "c33645b0-e5ec-accf-8e90-c6242caf3085": "9151d683-74e8-fc0f-5f81-8785132a13ca"}}, "ldo": {"instance_path": "/github/workspace/elec/src/veramonitor.ato:Veramonitor::ldo", "layout_path": "/github/workspace/elec/src/ams1117-33/elec/layout/default/ams1117-33.kicad_pcb", "uuid_map": {"c8c4dadf-9ce1-09c6-879c-a46038a3b6eb": "cae87d37-067b-ab79-5c13-cbe5fc2d6690", "937e2d7e-b229-2587-6e12-a4d899a426e6": "b8e97ff3-f93f-3a39-cf81-f1185cbba4f9", "ac86a6cd-e5b6-ceca-ff10-70632f239821": "6f1e1cdc-3cc6-885e-daef-21dc4ff74a00"}}, "micro": {"instance_path": "/github/workspace/elec/src/veramonitor.ato:Veramonitor::micro", "layout_path": "/github/workspace/elec/src/esp32-s3/elec/layout/default/esp32-s3.kicad_pcb", "uuid_map": {"9e192a6a-0d23-a4bb-68aa-5442c4e88535": "cae87d37-067b-ab79-5c13-cbe5fc2d6690", "e61f5a07-d7c4-b261-2a8f-1d0b5ab3aafa": "4077d0e3-f887-dac2-9015-16a56bac1944", "727fd4fc-fc4b-27c7-9f91-a9b615d924c0": "4d5d8825-6786-c513-f62f-dfbbfcaa83dd", "56bf34b5-eb38-e145-5f01-60ea683fb3a3": "cfbd53cc-1e9c-3a17-a659-244414c181ff", "979cffe3-eaf7-6558-b7cf-75c9f3f23b99": "0522088f-3c2c-ec9e-1e22-198c13e2300d", "d0b91b0c-9315-9adc-f5de-fa74a653689f": "96f91f9d-e7b6-11d9-ec22-2ca6cf82c948"}}, "ledrow1.led1": {"instance_path": "/github/workspace/elec/src/veramonitor.ato:Veramonitor::ledrow1.led1", "layout_path": "/github/workspace/elec/src/sk6805-ec20/elec/layout/default/sk6805-ec20.kicad_pcb", "uuid_map": {"7b990305-4101-89df-a2d0-077d75893d24": "cae87d37-067b-ab79-5c13-cbe5fc2d6690", "0637f24a-43e8-e44f-0de9-99af4286b6da": "8c7b90b6-d256-3afe-40e0-3d7a9a84723b"}}, "ledrow1.led2": {"instance_path": "/github/workspace/elec/src/veramonitor.ato:Veramonitor::ledrow1.led2", "layout_path": "/github/workspace/elec/src/sk6805-ec20/elec/layout/default/sk6805-ec20.kicad_pcb", "uuid_map": {"edbefb64-b43f-04b4-9dcc-e064aaa5c1c0": "cae87d37-067b-ab79-5c13-cbe5fc2d6690", "067aa8af-7f61-0443-453d-b92b6ba90472": "8c7b90b6-d256-3afe-40e0-3d7a9a84723b"}}, "ledrow1.led3": {"instance_path": "/github/workspace/elec/src/veramonitor.ato:Veramonitor::ledrow1.led3", "layout_path": "/github/workspace/elec/src/sk6805-ec20/elec/layout/default/sk6805-ec20.kicad_pcb", "uuid_map": {"69b9f5c5-676c-2619-aa13-6f5a7fcbd234": "cae87d37-067b-ab79-5c13-cbe5fc2d6690", "f12f085c-ec80-7ea0-4913-5e939145233b": "8c7b90b6-d256-3afe-40e0-3d7a9a84723b"}}, "ledrow1.led4": {"instance_path": "/github/workspace/elec/src/veramonitor.ato:Veramonitor::ledrow1.led4", "layout_path": "/github/workspace/elec/src/sk6805-ec20/elec/layout/default/sk6805-ec20.kicad_pcb", "uuid_map": {"ea535a07-0363-1c26-496b-27d00c85082f": "cae87d37-067b-ab79-5c13-cbe5fc2d6690", "778b439d-4183-a941-1957-03b530cac307": "8c7b90b6-d256-3afe-40e0-3d7a9a84723b"}}, "ledrow1.led5": {"instance_path": "/github/workspace/elec/src/veramonitor.ato:Veramonitor::ledrow1.led5", "layout_path": "/github/workspace/elec/src/sk6805-ec20/elec/layout/default/sk6805-ec20.kicad_pcb", "uuid_map": {"47e8fe57-3bf2-b846-6bb2-d22bbd7f4893": "cae87d37-067b-ab79-5c13-cbe5fc2d6690", "8bdf4835-f79f-f4b4-cf6b-ca276ac9b7bf": "8c7b90b6-d256-3afe-40e0-3d7a9a84723b"}}, "ledrow1.led6": {"instance_path": "/github/workspace/elec/src/veramonitor.ato:Veramonitor::ledrow1.led6", "layout_path": "/github/workspace/elec/src/sk6805-ec20/elec/layout/default/sk6805-ec20.kicad_pcb", "uuid_map": {"8b4b6941-2be7-ed0c-c9c6-1457060f3231": "cae87d37-067b-ab79-5c13-cbe5fc2d6690", "c0fa8d91-6154-26a7-b7ef-d774cd48077e": "8c7b90b6-d256-3afe-40e0-3d7a9a84723b"}}, "ledrow1.led7": {"instance_path": "/github/workspace/elec/src/veramonitor.ato:Veramonitor::ledrow1.led7", "layout_path": "/github/workspace/elec/src/sk6805-ec20/elec/layout/default/sk6805-ec20.kicad_pcb", "uuid_map": {"097d11de-8766-5916-c93c-19337e5719d3": "cae87d37-067b-ab79-5c13-cbe5fc2d6690", "d6253283-118b-afd7-514b-728dcea860ee": "8c7b90b6-d256-3afe-40e0-3d7a9a84723b"}}, "ledrow1.led8": {"instance_path": "/github/workspace/elec/src/veramonitor.ato:Veramonitor::ledrow1.led8", "layout_path": "/github/workspace/elec/src/sk6805-ec20/elec/layout/default/sk6805-ec20.kicad_pcb", "uuid_map": {"2a40b6c6-f30c-530c-55d3-0b97dd6b3f23": "cae87d37-067b-ab79-5c13-cbe5fc2d6690", "36e88ae9-d9ae-f1a4-c2fe-34a2e5432a83": "8c7b90b6-d256-3afe-40e0-3d7a9a84723b"}}, "ledrow1.led9": {"instance_path": "/github/workspace/elec/src/veramonitor.ato:Veramonitor::ledrow1.led9", "layout_path": "/github/workspace/elec/src/sk6805-ec20/elec/layout/default/sk6805-ec20.kicad_pcb", "uuid_map": {"e929c8ac-1795-7c84-633e-e1db965c76c7": "cae87d37-067b-ab79-5c13-cbe5fc2d6690", "ff5ba04a-8e89-6e94-f296-47022f86550d": "8c7b90b6-d256-3afe-40e0-3d7a9a84723b"}}, "ledrow1.led10": {"instance_path": "/github/workspace/elec/src/veramonitor.ato:Veramonitor::ledrow1.led10", "layout_path": "/github/workspace/elec/src/sk6805-ec20/elec/layout/default/sk6805-ec20.kicad_pcb", "uuid_map": {"fe90b685-28fc-ccee-b5a8-fb203a9c454d": "cae87d37-067b-ab79-5c13-cbe5fc2d6690", "39edd798-cdd6-45f9-bfa8-c223e5a4a9e2": "8c7b90b6-d256-3afe-40e0-3d7a9a84723b"}}, "ledrow1": {"instance_path": "/github/workspace/elec/src/veramonitor.ato:Veramonitor::ledrow1", "layout_path": "/github/workspace/elec/layout/ledrow-x10/ledrow-x10.kicad_pcb", "uuid_map": {"7b990305-4101-89df-a2d0-077d75893d24": "ec92ecdf-eb1c-f713-4496-c6c24ef23647", "0637f24a-43e8-e44f-0de9-99af4286b6da": "51d88906-23c4-46cb-83ed-95248f05b044", "edbefb64-b43f-04b4-9dcc-e064aaa5c1c0": "595d83a4-6981-9a3e-b8e3-c8c00437124d", "067aa8af-7f61-0443-453d-b92b6ba90472": "ae73b2cb-e439-ffc3-e8df-ade9bff5b6c8", "69b9f5c5-676c-2619-aa13-6f5a7fcbd234": "5b0037f4-41c7-9794-9e33-c81e758b4b1b", "f12f085c-ec80-7ea0-4913-5e939145233b": "ae9d66de-9e09-82c0-5b68-adea4329f2c2", "ea535a07-0363-1c26-496b-27d00c85082f": "3e8c5287-c014-52c2-4b5b-a57568ae5704", "778b439d-4183-a941-1957-03b530cac307": "e84eb2d3-35e8-d22a-9731-3bd75ffee22f", "47e8fe57-3bf2-b846-6bb2-d22bbd7f4893": "a7e5dda1-25eb-0855-729b-f27b41e343cc", "8bdf4835-f79f-f4b4-cf6b-ca276ac9b7bf": "121843ea-9581-1748-b593-71087209970c", "8b4b6941-2be7-ed0c-c9c6-1457060f3231": "1df6d733-8f2e-8e22-b671-a0d525dc14d1", "c0fa8d91-6154-26a7-b7ef-d774cd48077e": "5518369e-2fa5-2937-30a1-d01c9413b933", "097d11de-8766-5916-c93c-19337e5719d3": "3244a211-7a8b-c5b9-7add-ee4f21311a49", "d6253283-118b-afd7-514b-728dcea860ee": "06ae3094-f1a1-ee02-f205-1843602855d2", "2a40b6c6-f30c-530c-55d3-0b97dd6b3f23": "f2f3595c-364b-578d-124d-323bdd9980e9", "36e88ae9-d9ae-f1a4-c2fe-34a2e5432a83": "ceba6b2a-50ce-529a-5ddc-da1a6c0ee549", "e929c8ac-1795-7c84-633e-e1db965c76c7": "6bd63331-b08a-a61c-8bad-d2cb52e90841", "ff5ba04a-8e89-6e94-f296-47022f86550d": "b92d5731-37d4-c9d9-997a-9726809d6f6f", "fe90b685-28fc-ccee-b5a8-fb203a9c454d": "533c8580-e5af-35f4-142b-48b7596511d3", "39edd798-cdd6-45f9-bfa8-c223e5a4a9e2": "797e4da9-e37b-4270-e1f9-e13338013a40"}}, "ledrow2.led1": {"instance_path": "/github/workspace/elec/src/veramonitor.ato:Veramonitor::ledrow2.led1", "layout_path": "/github/workspace/elec/src/sk6805-ec20/elec/layout/default/sk6805-ec20.kicad_pcb", "uuid_map": {"61bf78ba-ef77-577c-d489-b0b5878a93ba": "cae87d37-067b-ab79-5c13-cbe5fc2d6690", "4cc7e68c-6431-4bd2-2027-4a0a9efcfb48": "8c7b90b6-d256-3afe-40e0-3d7a9a84723b"}}, "ledrow2.led2": {"instance_path": "/github/workspace/elec/src/veramonitor.ato:Veramonitor::ledrow2.led2", "layout_path": "/github/workspace/elec/src/sk6805-ec20/elec/layout/default/sk6805-ec20.kicad_pcb", "uuid_map": {"feb364f9-2fc7-a60d-4fdb-3cef4f543431": "cae87d37-067b-ab79-5c13-cbe5fc2d6690", "da80be5e-c1bf-3973-95f6-1c8d96fb3b89": "8c7b90b6-d256-3afe-40e0-3d7a9a84723b"}}, "ledrow2.led3": {"instance_path": "/github/workspace/elec/src/veramonitor.ato:Veramonitor::ledrow2.led3", "layout_path": "/github/workspace/elec/src/sk6805-ec20/elec/layout/default/sk6805-ec20.kicad_pcb", "uuid_map": {"923af2f6-c7d4-ed78-c49f-a915fcec7cbd": "cae87d37-067b-ab79-5c13-cbe5fc2d6690", "6baa4f56-ff3b-c92b-e4ea-bbd22dc0e466": "8c7b90b6-d256-3afe-40e0-3d7a9a84723b"}}, "ledrow2.led4": {"instance_path": "/github/workspace/elec/src/veramonitor.ato:Veramonitor::ledrow2.led4", "layout_path": "/github/workspace/elec/src/sk6805-ec20/elec/layout/default/sk6805-ec20.kicad_pcb", "uuid_map": {"3f7c143c-539d-68bc-37e4-96862aeff9e1": "cae87d37-067b-ab79-5c13-cbe5fc2d6690", "3c20cdb6-19cd-6089-8470-d808e64eb57d": "8c7b90b6-d256-3afe-40e0-3d7a9a84723b"}}, "ledrow2.led5": {"instance_path": "/github/workspace/elec/src/veramonitor.ato:Veramonitor::ledrow2.led5", "layout_path": "/github/workspace/elec/src/sk6805-ec20/elec/layout/default/sk6805-ec20.kicad_pcb", "uuid_map": {"5d457526-110d-0a89-924e-a4ded92ce62a": "cae87d37-067b-ab79-5c13-cbe5fc2d6690", "885026ad-1e6f-815a-07cb-147195ed7a8c": "8c7b90b6-d256-3afe-40e0-3d7a9a84723b"}}, "ledrow2.led6": {"instance_path": "/github/workspace/elec/src/veramonitor.ato:Veramonitor::ledrow2.led6", "layout_path": "/github/workspace/elec/src/sk6805-ec20/elec/layout/default/sk6805-ec20.kicad_pcb", "uuid_map": {"10085498-ffec-84e2-5ff9-f2c604db003f": "cae87d37-067b-ab79-5c13-cbe5fc2d6690", "d373b9ea-21cd-a3a6-11f4-0550a50fb927": "8c7b90b6-d256-3afe-40e0-3d7a9a84723b"}}, "ledrow2.led7": {"instance_path": "/github/workspace/elec/src/veramonitor.ato:Veramonitor::ledrow2.led7", "layout_path": "/github/workspace/elec/src/sk6805-ec20/elec/layout/default/sk6805-ec20.kicad_pcb", "uuid_map": {"6d0f5fb0-bf05-4980-c30b-4f911fbbf630": "cae87d37-067b-ab79-5c13-cbe5fc2d6690", "acf41117-282a-747a-942d-41b9521d5d3a": "8c7b90b6-d256-3afe-40e0-3d7a9a84723b"}}, "ledrow2.led8": {"instance_path": "/github/workspace/elec/src/veramonitor.ato:Veramonitor::ledrow2.led8", "layout_path": "/github/workspace/elec/src/sk6805-ec20/elec/layout/default/sk6805-ec20.kicad_pcb", "uuid_map": {"f6464358-0b37-1157-b51a-dce703008ff1": "cae87d37-067b-ab79-5c13-cbe5fc2d6690", "103c208a-cdd5-2dc8-3010-01bf8512547c": "8c7b90b6-d256-3afe-40e0-3d7a9a84723b"}}, "ledrow2.led9": {"instance_path": "/github/workspace/elec/src/veramonitor.ato:Veramonitor::ledrow2.led9", "layout_path": "/github/workspace/elec/src/sk6805-ec20/elec/layout/default/sk6805-ec20.kicad_pcb", "uuid_map": {"226f7627-5f58-d4fb-9b7d-08304b3dbdfd": "cae87d37-067b-ab79-5c13-cbe5fc2d6690", "2311b7cf-5d3b-1538-3156-6b714e411ae4": "8c7b90b6-d256-3afe-40e0-3d7a9a84723b"}}, "ledrow2.led10": {"instance_path": "/github/workspace/elec/src/veramonitor.ato:Veramonitor::ledrow2.led10", "layout_path": "/github/workspace/elec/src/sk6805-ec20/elec/layout/default/sk6805-ec20.kicad_pcb", "uuid_map": {"45c776c3-ef3b-6f6b-0ab7-42003811fa1d": "cae87d37-067b-ab79-5c13-cbe5fc2d6690", "18892ec5-a98f-1f0c-6ed3-56e171651ce7": "8c7b90b6-d256-3afe-40e0-3d7a9a84723b"}}, "ledrow2": {"instance_path": "/github/workspace/elec/src/veramonitor.ato:Veramonitor::ledrow2", "layout_path": "/github/workspace/elec/layout/ledrow-x10/ledrow-x10.kicad_pcb", "uuid_map": {"61bf78ba-ef77-577c-d489-b0b5878a93ba": "ec92ecdf-eb1c-f713-4496-c6c24ef23647", "4cc7e68c-6431-4bd2-2027-4a0a9efcfb48": "51d88906-23c4-46cb-83ed-95248f05b044", "feb364f9-2fc7-a60d-4fdb-3cef4f543431": "595d83a4-6981-9a3e-b8e3-c8c00437124d", "da80be5e-c1bf-3973-95f6-1c8d96fb3b89": "ae73b2cb-e439-ffc3-e8df-ade9bff5b6c8", "923af2f6-c7d4-ed78-c49f-a915fcec7cbd": "5b0037f4-41c7-9794-9e33-c81e758b4b1b", "6baa4f56-ff3b-c92b-e4ea-bbd22dc0e466": "ae9d66de-9e09-82c0-5b68-adea4329f2c2", "3f7c143c-539d-68bc-37e4-96862aeff9e1": "3e8c5287-c014-52c2-4b5b-a57568ae5704", "3c20cdb6-19cd-6089-8470-d808e64eb57d": "e84eb2d3-35e8-d22a-9731-3bd75ffee22f", "5d457526-110d-0a89-924e-a4ded92ce62a": "a7e5dda1-25eb-0855-729b-f27b41e343cc", "885026ad-1e6f-815a-07cb-147195ed7a8c": "121843ea-9581-1748-b593-71087209970c", "10085498-ffec-84e2-5ff9-f2c604db003f": "1df6d733-8f2e-8e22-b671-a0d525dc14d1", "d373b9ea-21cd-a3a6-11f4-0550a50fb927": "5518369e-2fa5-2937-30a1-d01c9413b933", "6d0f5fb0-bf05-4980-c30b-4f911fbbf630": "3244a211-7a8b-c5b9-7add-ee4f21311a49", "acf41117-282a-747a-942d-41b9521d5d3a": "06ae3094-f1a1-ee02-f205-1843602855d2", "f6464358-0b37-1157-b51a-dce703008ff1": "f2f3595c-364b-578d-124d-323bdd9980e9", "103c208a-cdd5-2dc8-3010-01bf8512547c": "ceba6b2a-50ce-529a-5ddc-da1a6c0ee549", "226f7627-5f58-d4fb-9b7d-08304b3dbdfd": "6bd63331-b08a-a61c-8bad-d2cb52e90841", "2311b7cf-5d3b-1538-3156-6b714e411ae4": "b92d5731-37d4-c9d9-997a-9726809d6f6f", "45c776c3-ef3b-6f6b-0ab7-42003811fa1d": "533c8580-e5af-35f4-142b-48b7596511d3", "18892ec5-a98f-1f0c-6ed3-56e171651ce7": "797e4da9-e37b-4270-e1f9-e13338013a40"}}, "ledrow3.led1": {"instance_path": "/github/workspace/elec/src/veramonitor.ato:Veramonitor::ledrow3.led1", "layout_path": "/github/workspace/elec/src/sk6805-ec20/elec/layout/default/sk6805-ec20.kicad_pcb", "uuid_map": {"4fdf2265-ab89-d413-2747-1304f2bbe422": "cae87d37-067b-ab79-5c13-cbe5fc2d6690", "c93693d2-b46d-05f6-a664-be7cd536e776": "8c7b90b6-d256-3afe-40e0-3d7a9a84723b"}}, "ledrow3.led2": {"instance_path": "/github/workspace/elec/src/veramonitor.ato:Veramonitor::ledrow3.led2", "layout_path": "/github/workspace/elec/src/sk6805-ec20/elec/layout/default/sk6805-ec20.kicad_pcb", "uuid_map": {"f844e958-6001-22cd-36bd-a8c2e504a54d": "cae87d37-067b-ab79-5c13-cbe5fc2d6690", "932a8f12-d5ec-aaa4-fc22-5761e187c281": "8c7b90b6-d256-3afe-40e0-3d7a9a84723b"}}, "ledrow3.led3": {"instance_path": "/github/workspace/elec/src/veramonitor.ato:Veramonitor::ledrow3.led3", "layout_path": "/github/workspace/elec/src/sk6805-ec20/elec/layout/default/sk6805-ec20.kicad_pcb", "uuid_map": {"ed0ca50c-3794-7902-d067-588a43f32d6d": "cae87d37-067b-ab79-5c13-cbe5fc2d6690", "eea96870-aa61-5750-699b-855b72720f7c": "8c7b90b6-d256-3afe-40e0-3d7a9a84723b"}}, "ledrow3.led4": {"instance_path": "/github/workspace/elec/src/veramonitor.ato:Veramonitor::ledrow3.led4", "layout_path": "/github/workspace/elec/src/sk6805-ec20/elec/layout/default/sk6805-ec20.kicad_pcb", "uuid_map": {"5db65c33-6400-5b0f-fe15-54070ef1ceed": "cae87d37-067b-ab79-5c13-cbe5fc2d6690", "f772aafb-b1ed-1ab4-6fc8-7b81aeac5d03": "8c7b90b6-d256-3afe-40e0-3d7a9a84723b"}}, "ledrow3.led5": {"instance_path": "/github/workspace/elec/src/veramonitor.ato:Veramonitor::ledrow3.led5", "layout_path": "/github/workspace/elec/src/sk6805-ec20/elec/layout/default/sk6805-ec20.kicad_pcb", "uuid_map": {"4555eb8b-e5a0-d9fc-ad5b-71df0a2b1fae": "cae87d37-067b-ab79-5c13-cbe5fc2d6690", "4736d2b2-02ca-1ab4-1e74-dadbd44633b2": "8c7b90b6-d256-3afe-40e0-3d7a9a84723b"}}, "ledrow3.led6": {"instance_path": "/github/workspace/elec/src/veramonitor.ato:Veramonitor::ledrow3.led6", "layout_path": "/github/workspace/elec/src/sk6805-ec20/elec/layout/default/sk6805-ec20.kicad_pcb", "uuid_map": {"3b0ea8d7-df7a-7479-3a38-cf4cf9a549c3": "cae87d37-067b-ab79-5c13-cbe5fc2d6690", "01850a83-0a89-13a1-493a-e73f3b1b4ce9": "8c7b90b6-d256-3afe-40e0-3d7a9a84723b"}}, "ledrow3.led7": {"instance_path": "/github/workspace/elec/src/veramonitor.ato:Veramonitor::ledrow3.led7", "layout_path": "/github/workspace/elec/src/sk6805-ec20/elec/layout/default/sk6805-ec20.kicad_pcb", "uuid_map": {"a86a32a1-b6b1-ef23-dc84-038a69d6957b": "cae87d37-067b-ab79-5c13-cbe5fc2d6690", "45e58bef-ad92-02a3-9867-c9e7ecc06835": "8c7b90b6-d256-3afe-40e0-3d7a9a84723b"}}, "ledrow3.led8": {"instance_path": "/github/workspace/elec/src/veramonitor.ato:Veramonitor::ledrow3.led8", "layout_path": "/github/workspace/elec/src/sk6805-ec20/elec/layout/default/sk6805-ec20.kicad_pcb", "uuid_map": {"94741f34-1998-103d-9aef-3aba5e7608f6": "cae87d37-067b-ab79-5c13-cbe5fc2d6690", "c4cc42e9-294c-ee3e-3ad2-6baa563ea764": "8c7b90b6-d256-3afe-40e0-3d7a9a84723b"}}, "ledrow3.led9": {"instance_path": "/github/workspace/elec/src/veramonitor.ato:Veramonitor::ledrow3.led9", "layout_path": "/github/workspace/elec/src/sk6805-ec20/elec/layout/default/sk6805-ec20.kicad_pcb", "uuid_map": {"e84c168b-c92a-54c6-5a6d-e48552b00141": "cae87d37-067b-ab79-5c13-cbe5fc2d6690", "0dd1231d-4d09-1f29-f897-bc20b9b177e2": "8c7b90b6-d256-3afe-40e0-3d7a9a84723b"}}, "ledrow3.led10": {"instance_path": "/github/workspace/elec/src/veramonitor.ato:Veramonitor::ledrow3.led10", "layout_path": "/github/workspace/elec/src/sk6805-ec20/elec/layout/default/sk6805-ec20.kicad_pcb", "uuid_map": {"6e9b5b97-ecb8-ddb1-8880-0e663770d12c": "cae87d37-067b-ab79-5c13-cbe5fc2d6690", "61ffee76-86fb-5b4f-b220-67f22a49bf80": "8c7b90b6-d256-3afe-40e0-3d7a9a84723b"}}, "ledrow3": {"instance_path": "/github/workspace/elec/src/veramonitor.ato:Veramonitor::ledrow3", "layout_path": "/github/workspace/elec/layout/ledrow-x10/ledrow-x10.kicad_pcb", "uuid_map": {"4fdf2265-ab89-d413-2747-1304f2bbe422": "ec92ecdf-eb1c-f713-4496-c6c24ef23647", "c93693d2-b46d-05f6-a664-be7cd536e776": "51d88906-23c4-46cb-83ed-95248f05b044", "f844e958-6001-22cd-36bd-a8c2e504a54d": "595d83a4-6981-9a3e-b8e3-c8c00437124d", "932a8f12-d5ec-aaa4-fc22-5761e187c281": "ae73b2cb-e439-ffc3-e8df-ade9bff5b6c8", "ed0ca50c-3794-7902-d067-588a43f32d6d": "5b0037f4-41c7-9794-9e33-c81e758b4b1b", "eea96870-aa61-5750-699b-855b72720f7c": "ae9d66de-9e09-82c0-5b68-adea4329f2c2", "5db65c33-6400-5b0f-fe15-54070ef1ceed": "3e8c5287-c014-52c2-4b5b-a57568ae5704", "f772aafb-b1ed-1ab4-6fc8-7b81aeac5d03": "e84eb2d3-35e8-d22a-9731-3bd75ffee22f", "4555eb8b-e5a0-d9fc-ad5b-71df0a2b1fae": "a7e5dda1-25eb-0855-729b-f27b41e343cc", "4736d2b2-02ca-1ab4-1e74-dadbd44633b2": "121843ea-9581-1748-b593-71087209970c", "3b0ea8d7-df7a-7479-3a38-cf4cf9a549c3": "1df6d733-8f2e-8e22-b671-a0d525dc14d1", "01850a83-0a89-13a1-493a-e73f3b1b4ce9": "5518369e-2fa5-2937-30a1-d01c9413b933", "a86a32a1-b6b1-ef23-dc84-038a69d6957b": "3244a211-7a8b-c5b9-7add-ee4f21311a49", "45e58bef-ad92-02a3-9867-c9e7ecc06835": "06ae3094-f1a1-ee02-f205-1843602855d2", "94741f34-1998-103d-9aef-3aba5e7608f6": "f2f3595c-364b-578d-124d-323bdd9980e9", "c4cc42e9-294c-ee3e-3ad2-6baa563ea764": "ceba6b2a-50ce-529a-5ddc-da1a6c0ee549", "e84c168b-c92a-54c6-5a6d-e48552b00141": "6bd63331-b08a-a61c-8bad-d2cb52e90841", "0dd1231d-4d09-1f29-f897-bc20b9b177e2": "b92d5731-37d4-c9d9-997a-9726809d6f6f", "6e9b5b97-ecb8-ddb1-8880-0e663770d12c": "533c8580-e5af-35f4-142b-48b7596511d3", "61ffee76-86fb-5b4f-b220-67f22a49bf80": "797e4da9-e37b-4270-e1f9-e13338013a40"}}, "ledrow4.led1": {"instance_path": "/github/workspace/elec/src/veramonitor.ato:Veramonitor::ledrow4.led1", "layout_path": "/github/workspace/elec/src/sk6805-ec20/elec/layout/default/sk6805-ec20.kicad_pcb", "uuid_map": {"ccdb8368-c2d2-189c-54b4-b13b3b763a91": "cae87d37-067b-ab79-5c13-cbe5fc2d6690", "f665024c-26b1-9be0-2e44-03c5077c6eb9": "8c7b90b6-d256-3afe-40e0-3d7a9a84723b"}}, "ledrow4.led2": {"instance_path": "/github/workspace/elec/src/veramonitor.ato:Veramonitor::ledrow4.led2", "layout_path": "/github/workspace/elec/src/sk6805-ec20/elec/layout/default/sk6805-ec20.kicad_pcb", "uuid_map": {"4f9c14d4-877c-7997-8122-9456b94f584d": "cae87d37-067b-ab79-5c13-cbe5fc2d6690", "ecca3128-ea1e-de12-3d40-05da4f6dfa61": "8c7b90b6-d256-3afe-40e0-3d7a9a84723b"}}, "ledrow4.led3": {"instance_path": "/github/workspace/elec/src/veramonitor.ato:Veramonitor::ledrow4.led3", "layout_path": "/github/workspace/elec/src/sk6805-ec20/elec/layout/default/sk6805-ec20.kicad_pcb", "uuid_map": {"a6df3ab8-8305-d465-40c3-4b89fce79798": "cae87d37-067b-ab79-5c13-cbe5fc2d6690", "250a5863-025b-3e69-b817-22e2b5369a47": "8c7b90b6-d256-3afe-40e0-3d7a9a84723b"}}, "ledrow4.led4": {"instance_path": "/github/workspace/elec/src/veramonitor.ato:Veramonitor::ledrow4.led4", "layout_path": "/github/workspace/elec/src/sk6805-ec20/elec/layout/default/sk6805-ec20.kicad_pcb", "uuid_map": {"f5f44754-f091-2f53-826a-d20ef71a4128": "cae87d37-067b-ab79-5c13-cbe5fc2d6690", "b2041d47-d3e4-683c-507e-b512dbb958e7": "8c7b90b6-d256-3afe-40e0-3d7a9a84723b"}}, "ledrow4.led5": {"instance_path": "/github/workspace/elec/src/veramonitor.ato:Veramonitor::ledrow4.led5", "layout_path": "/github/workspace/elec/src/sk6805-ec20/elec/layout/default/sk6805-ec20.kicad_pcb", "uuid_map": {"964ce10b-807d-3107-1c6f-08b34822c859": "cae87d37-067b-ab79-5c13-cbe5fc2d6690", "b8a9a55c-3b40-7712-40da-0199e8495f43": "8c7b90b6-d256-3afe-40e0-3d7a9a84723b"}}, "ledrow4.led6": {"instance_path": "/github/workspace/elec/src/veramonitor.ato:Veramonitor::ledrow4.led6", "layout_path": "/github/workspace/elec/src/sk6805-ec20/elec/layout/default/sk6805-ec20.kicad_pcb", "uuid_map": {"08d73bb0-ce4f-5de7-f7f6-96c4c0d6da9f": "cae87d37-067b-ab79-5c13-cbe5fc2d6690", "d6b11b81-c1af-1706-96a1-b23ae2dfe34d": "8c7b90b6-d256-3afe-40e0-3d7a9a84723b"}}, "ledrow4.led7": {"instance_path": "/github/workspace/elec/src/veramonitor.ato:Veramonitor::ledrow4.led7", "layout_path": "/github/workspace/elec/src/sk6805-ec20/elec/layout/default/sk6805-ec20.kicad_pcb", "uuid_map": {"c696d7a2-2d1a-6e48-dc49-7a43b6661ad1": "cae87d37-067b-ab79-5c13-cbe5fc2d6690", "c6d1a369-c7c6-0b26-19ed-b80a87ff4eed": "8c7b90b6-d256-3afe-40e0-3d7a9a84723b"}}, "ledrow4.led8": {"instance_path": "/github/workspace/elec/src/veramonitor.ato:Veramonitor::ledrow4.led8", "layout_path": "/github/workspace/elec/src/sk6805-ec20/elec/layout/default/sk6805-ec20.kicad_pcb", "uuid_map": {"cca27d3e-62d4-5923-f41d-b95944aeea30": "cae87d37-067b-ab79-5c13-cbe5fc2d6690", "6a415609-9f78-3af1-c367-beb89ac1532f": "8c7b90b6-d256-3afe-40e0-3d7a9a84723b"}}, "ledrow4.led9": {"instance_path": "/github/workspace/elec/src/veramonitor.ato:Veramonitor::ledrow4.led9", "layout_path": "/github/workspace/elec/src/sk6805-ec20/elec/layout/default/sk6805-ec20.kicad_pcb", "uuid_map": {"75d7825a-aa38-a7fa-73a9-d3a1ed6217ae": "cae87d37-067b-ab79-5c13-cbe5fc2d6690", "42b0c947-4be0-d157-1a00-c04452fdd0a6": "8c7b90b6-d256-3afe-40e0-3d7a9a84723b"}}, "ledrow4.led10": {"instance_path": "/github/workspace/elec/src/veramonitor.ato:Veramonitor::ledrow4.led10", "layout_path": "/github/workspace/elec/src/sk6805-ec20/elec/layout/default/sk6805-ec20.kicad_pcb", "uuid_map": {"44508aef-052e-dc4d-ef2a-a2b6a4790319": "cae87d37-067b-ab79-5c13-cbe5fc2d6690", "8d2ea05e-72b0-99f1-d52f-3f24b750393b": "8c7b90b6-d256-3afe-40e0-3d7a9a84723b"}}, "ledrow4": {"instance_path": "/github/workspace/elec/src/veramonitor.ato:Veramonitor::ledrow4", "layout_path": "/github/workspace/elec/layout/ledrow-x10/ledrow-x10.kicad_pcb", "uuid_map": {"ccdb8368-c2d2-189c-54b4-b13b3b763a91": "ec92ecdf-eb1c-f713-4496-c6c24ef23647", "f665024c-26b1-9be0-2e44-03c5077c6eb9": "51d88906-23c4-46cb-83ed-95248f05b044", "4f9c14d4-877c-7997-8122-9456b94f584d": "595d83a4-6981-9a3e-b8e3-c8c00437124d", "ecca3128-ea1e-de12-3d40-05da4f6dfa61": "ae73b2cb-e439-ffc3-e8df-ade9bff5b6c8", "a6df3ab8-8305-d465-40c3-4b89fce79798": "5b0037f4-41c7-9794-9e33-c81e758b4b1b", "250a5863-025b-3e69-b817-22e2b5369a47": "ae9d66de-9e09-82c0-5b68-adea4329f2c2", "f5f44754-f091-2f53-826a-d20ef71a4128": "3e8c5287-c014-52c2-4b5b-a57568ae5704", "b2041d47-d3e4-683c-507e-b512dbb958e7": "e84eb2d3-35e8-d22a-9731-3bd75ffee22f", "964ce10b-807d-3107-1c6f-08b34822c859": "a7e5dda1-25eb-0855-729b-f27b41e343cc", "b8a9a55c-3b40-7712-40da-0199e8495f43": "121843ea-9581-1748-b593-71087209970c", "08d73bb0-ce4f-5de7-f7f6-96c4c0d6da9f": "1df6d733-8f2e-8e22-b671-a0d525dc14d1", "d6b11b81-c1af-1706-96a1-b23ae2dfe34d": "5518369e-2fa5-2937-30a1-d01c9413b933", "c696d7a2-2d1a-6e48-dc49-7a43b6661ad1": "3244a211-7a8b-c5b9-7add-ee4f21311a49", "c6d1a369-c7c6-0b26-19ed-b80a87ff4eed": "06ae3094-f1a1-ee02-f205-1843602855d2", "cca27d3e-62d4-5923-f41d-b95944aeea30": "f2f3595c-364b-578d-124d-323bdd9980e9", "6a415609-9f78-3af1-c367-beb89ac1532f": "ceba6b2a-50ce-529a-5ddc-da1a6c0ee549", "75d7825a-aa38-a7fa-73a9-d3a1ed6217ae": "6bd63331-b08a-a61c-8bad-d2cb52e90841", "42b0c947-4be0-d157-1a00-c04452fdd0a6": "b92d5731-37d4-c9d9-997a-9726809d6f6f", "44508aef-052e-dc4d-ef2a-a2b6a4790319": "533c8580-e5af-35f4-142b-48b7596511d3", "8d2ea05e-72b0-99f1-d52f-3f24b750393b": "797e4da9-e37b-4270-e1f9-e13338013a40"}}}