Comment,Designator,Footprint,LCSC,Price
?,U1,TAG-CONNECT_TC2050-IDC,?,0.00
C709357,U2,USB-C-SMD_KH-TYPE-C-16P,C709357,0.00
62.5mW Thick Film Resistors 50V ±100ppm/℃ ±1% 4.7kΩ 0402 Chip Resistor - Surface Mount ROHS,"R1,R2",0402,C25900,0.000376812
C160404,J1,CONN-SMD_4P-P1.00_SM04B-SRSS-TB-LF-SN,C160404,0.00
50V 10nF X7R ±10% 0402 Multilayer Ceramic Capacitors MLCC - SMD/SMT ROHS,"C1,C8,C10",0402,C15195,0.000898551
C2879853,U3,MIC-SMD_5P_L3.5-W2.7-P0.82_SPH0641LU4H-1,C2879853,0.00
C6186,U4,SOT-223-3_L6.5-W3.4-P2.30-LS7.0-BR,C6186,0.00
25V 10uF X5R ±10% 0805 Multilayer Ceramic Capacitors MLCC - SMD/SMT ROHS,"C2,C3,C5,C6",0805,C15850,0.007231884
C2913205,U5,WIRELM-SMD_ESP32-S3-WROOM-1,C2913205,0.00
16V 100nF X7R ±10% 0402 Multilayer Ceramic Capacitors MLCC - SMD/SMT ROHS,"C4,C11,C12,C13,C14,C15,C16,C17,C18,C19,C20,C21,C22,C23,C24,C25,C26,C27,C28,C29,C30,C31,C32,C33,C34,C35,C36,C37,C38,C39,C40,C41,C42,C43,C44,C45,C46,C47,C48,C49,C50",0402,C1525,0.000826087
C139797,U6,KEY-SMD_4P-L4.2-W3.2-P2.20-LS4.6,C139797,0.00
62.5mW Thick Film Resistors 50V ±100ppm/℃ ±1% 10kΩ 0402 Chip Resistor - Surface Mount ROHS,R3,0402,C25744,0.000362319
C2939940,U7,COMM-TH_HS12864G18B,C2939940,0.00
62.5mW Thick Film Resistors 50V ±100ppm/℃ ±1% 20kΩ 0402 Chip Resistor - Surface Mount ROHS,"R4,R6,R7",0402,C25765,0.000376812
62.5mW Thick Film Resistors 50V ±100ppm/℃ ±1% 51kΩ 0402 Chip Resistor - Surface Mount ROHS,R5,0402,C25794,0.000376812
6.3V 10uF X5R ±20% 0402 Multilayer Ceramic Capacitors MLCC - SMD/SMT ROHS,"C7,C9",0402,C15525,0.00326087
C1322304,U8,LED0402-RD,C1322304,0.00
C130719,U9,LED0402-RD,C130719,0.00
C969913,U10,QFN-20_L3.0-W3.0-P0.50-BL-EP1.7_EFM8BB21F16G,C969913,0.00
C2318,U11,CONN-TH_5P-P2.50_XH-5A_C2318,C2318,0.00
C2890036,"U12,U13,U14,U15,U16,U17,U18,U19,U20,U21,U22,U23,U24,U25,U26,U27,U28,U29,U30,U31,U32,U33,U34,U35,U36,U37,U38,U39,U40,U41,U42,U43,U44,U45,U46,U47,U48,U49,U50,U51",LED-SMD_4P-L2.0-W2.0-BR,C2890036,0.00
