Designator,Value,Package,Mid X,Mid Y,Rotation,Layer
"C1","50V 10nF X7R ±10% 0402 Multilayer Ceramic Capacitors MLCC - SMD/SMT ROHS","C0402",59.790000,-91.590000,90.000000,top
"C2","25V 10uF X5R ±10% 0805 Multilayer Ceramic Capacitors MLCC - SMD/SMT ROHS","C0805",47.370000,-98.015000,180.000000,top
"C3","25V 10uF X5R ±10% 0805 Multilayer Ceramic Capacitors MLCC - SMD/SMT ROHS","C0805",45.170000,-95.215000,-90.000000,top
"C4","16V 100nF X7R ±10% 0402 Multilayer Ceramic Capacitors MLCC - SMD/SMT ROHS","C0402",42.450000,-89.615000,180.000000,top
"C5","25V 10uF X5R ±10% 0805 Multilayer Ceramic Capacitors MLCC - SMD/SMT ROHS","C0805",42.250000,-91.725000,180.000000,top
"C6","25V 10uF X5R ±10% 0805 Multilayer Ceramic Capacitors MLCC - SMD/SMT ROHS","C0805",42.250000,-93.825000,180.000000,top
"C7","6.3V 10uF X5R ±20% 0402 Multilayer Ceramic Capacitors MLCC - SMD/SMT ROHS","C0402",54.725000,-115.710000,-90.000000,top
"C8","50V 10nF X7R ±10% 0402 Multilayer Ceramic Capacitors MLCC - SMD/SMT ROHS","C0402",55.750000,-115.705000,-90.000000,top
"C9","6.3V 10uF X5R ±20% 0402 Multilayer Ceramic Capacitors MLCC - SMD/SMT ROHS","C0402",53.245000,-114.075000,180.000000,top
"C10","50V 10nF X7R ±10% 0402 Multilayer Ceramic Capacitors MLCC - SMD/SMT ROHS","C0402",53.725000,-115.690000,-90.000000,top
"C11","16V 100nF X7R ±10% 0402 Multilayer Ceramic Capacitors MLCC - SMD/SMT ROHS","C0402",52.125000,-126.795000,180.000000,top
"C12","16V 100nF X7R ±10% 0402 Multilayer Ceramic Capacitors MLCC - SMD/SMT ROHS","C0402",57.025000,-126.795000,180.000000,top
"C13","16V 100nF X7R ±10% 0402 Multilayer Ceramic Capacitors MLCC - SMD/SMT ROHS","C0402",62.025000,-126.695000,180.000000,top
"C14","16V 100nF X7R ±10% 0402 Multilayer Ceramic Capacitors MLCC - SMD/SMT ROHS","C0402",67.025000,-126.695000,180.000000,top
"C15","16V 100nF X7R ±10% 0402 Multilayer Ceramic Capacitors MLCC - SMD/SMT ROHS","C0402",72.045000,-126.695000,180.000000,top
"C16","16V 100nF X7R ±10% 0402 Multilayer Ceramic Capacitors MLCC - SMD/SMT ROHS","C0402",77.045000,-126.695000,180.000000,top
"C17","16V 100nF X7R ±10% 0402 Multilayer Ceramic Capacitors MLCC - SMD/SMT ROHS","C0402",82.125000,-126.695000,180.000000,top
"C18","16V 100nF X7R ±10% 0402 Multilayer Ceramic Capacitors MLCC - SMD/SMT ROHS","C0402",87.025000,-126.695000,180.000000,top
"C19","16V 100nF X7R ±10% 0402 Multilayer Ceramic Capacitors MLCC - SMD/SMT ROHS","C0402",92.105000,-126.695000,180.000000,top
"C20","16V 100nF X7R ±10% 0402 Multilayer Ceramic Capacitors MLCC - SMD/SMT ROHS","C0402",96.945000,-126.695000,180.000000,top
"C21","16V 100nF X7R ±10% 0402 Multilayer Ceramic Capacitors MLCC - SMD/SMT ROHS","C0402",102.120000,-126.790000,180.000000,top
"C22","16V 100nF X7R ±10% 0402 Multilayer Ceramic Capacitors MLCC - SMD/SMT ROHS","C0402",107.020000,-126.790000,180.000000,top
"C23","16V 100nF X7R ±10% 0402 Multilayer Ceramic Capacitors MLCC - SMD/SMT ROHS","C0402",112.020000,-126.690000,180.000000,top
"C24","16V 100nF X7R ±10% 0402 Multilayer Ceramic Capacitors MLCC - SMD/SMT ROHS","C0402",117.020000,-126.690000,180.000000,top
"C25","16V 100nF X7R ±10% 0402 Multilayer Ceramic Capacitors MLCC - SMD/SMT ROHS","C0402",122.040000,-126.690000,180.000000,top
"C26","16V 100nF X7R ±10% 0402 Multilayer Ceramic Capacitors MLCC - SMD/SMT ROHS","C0402",127.040000,-126.690000,180.000000,top
"C27","16V 100nF X7R ±10% 0402 Multilayer Ceramic Capacitors MLCC - SMD/SMT ROHS","C0402",132.120000,-126.690000,180.000000,top
"C28","16V 100nF X7R ±10% 0402 Multilayer Ceramic Capacitors MLCC - SMD/SMT ROHS","C0402",137.020000,-126.690000,180.000000,top
"C29","16V 100nF X7R ±10% 0402 Multilayer Ceramic Capacitors MLCC - SMD/SMT ROHS","C0402",142.100000,-126.690000,180.000000,top
"C30","16V 100nF X7R ±10% 0402 Multilayer Ceramic Capacitors MLCC - SMD/SMT ROHS","C0402",146.940000,-126.690000,180.000000,top
"C31","16V 100nF X7R ±10% 0402 Multilayer Ceramic Capacitors MLCC - SMD/SMT ROHS","C0402",52.120000,-135.115000,180.000000,top
"C32","16V 100nF X7R ±10% 0402 Multilayer Ceramic Capacitors MLCC - SMD/SMT ROHS","C0402",57.020000,-135.115000,180.000000,top
"C33","16V 100nF X7R ±10% 0402 Multilayer Ceramic Capacitors MLCC - SMD/SMT ROHS","C0402",62.020000,-135.015000,180.000000,top
"C34","16V 100nF X7R ±10% 0402 Multilayer Ceramic Capacitors MLCC - SMD/SMT ROHS","C0402",67.020000,-135.015000,180.000000,top
"C35","16V 100nF X7R ±10% 0402 Multilayer Ceramic Capacitors MLCC - SMD/SMT ROHS","C0402",72.040000,-135.015000,180.000000,top
"C36","16V 100nF X7R ±10% 0402 Multilayer Ceramic Capacitors MLCC - SMD/SMT ROHS","C0402",77.040000,-135.015000,180.000000,top
"C37","16V 100nF X7R ±10% 0402 Multilayer Ceramic Capacitors MLCC - SMD/SMT ROHS","C0402",82.120000,-135.015000,180.000000,top
"C38","16V 100nF X7R ±10% 0402 Multilayer Ceramic Capacitors MLCC - SMD/SMT ROHS","C0402",87.020000,-135.015000,180.000000,top
"C39","16V 100nF X7R ±10% 0402 Multilayer Ceramic Capacitors MLCC - SMD/SMT ROHS","C0402",92.100000,-135.015000,180.000000,top
"C40","16V 100nF X7R ±10% 0402 Multilayer Ceramic Capacitors MLCC - SMD/SMT ROHS","C0402",96.940000,-135.015000,180.000000,top
"C41","16V 100nF X7R ±10% 0402 Multilayer Ceramic Capacitors MLCC - SMD/SMT ROHS","C0402",102.120000,-135.115000,180.000000,top
"C42","16V 100nF X7R ±10% 0402 Multilayer Ceramic Capacitors MLCC - SMD/SMT ROHS","C0402",107.020000,-135.115000,180.000000,top
"C43","16V 100nF X7R ±10% 0402 Multilayer Ceramic Capacitors MLCC - SMD/SMT ROHS","C0402",112.020000,-135.015000,180.000000,top
"C44","16V 100nF X7R ±10% 0402 Multilayer Ceramic Capacitors MLCC - SMD/SMT ROHS","C0402",117.020000,-135.015000,180.000000,top
"C45","16V 100nF X7R ±10% 0402 Multilayer Ceramic Capacitors MLCC - SMD/SMT ROHS","C0402",122.040000,-135.015000,180.000000,top
"C46","16V 100nF X7R ±10% 0402 Multilayer Ceramic Capacitors MLCC - SMD/SMT ROHS","C0402",127.040000,-135.015000,180.000000,top
"C47","16V 100nF X7R ±10% 0402 Multilayer Ceramic Capacitors MLCC - SMD/SMT ROHS","C0402",132.120000,-135.015000,180.000000,top
"C48","16V 100nF X7R ±10% 0402 Multilayer Ceramic Capacitors MLCC - SMD/SMT ROHS","C0402",137.020000,-135.015000,180.000000,top
"C49","16V 100nF X7R ±10% 0402 Multilayer Ceramic Capacitors MLCC - SMD/SMT ROHS","C0402",142.100000,-135.015000,180.000000,top
"C50","16V 100nF X7R ±10% 0402 Multilayer Ceramic Capacitors MLCC - SMD/SMT ROHS","C0402",146.940000,-135.015000,180.000000,top
"J1","?","CONN-SMD_4P-P1.00_SM04B-SRSS-TB-LF-SN",44.060000,-105.170000,-90.000000,top
"R1","62.5mW Thick Film Resistors 50V ±100ppm/℃ ±1% 4.7kΩ 0402 Chip Resistor - Surface Mount ROHS","R0402",50.197500,-112.825000,0.000000,top
"R2","62.5mW Thick Film Resistors 50V ±100ppm/℃ ±1% 4.7kΩ 0402 Chip Resistor - Surface Mount ROHS","R0402",50.197500,-115.925000,0.000000,top
"R3","62.5mW Thick Film Resistors 50V ±100ppm/℃ ±1% 10kΩ 0402 Chip Resistor - Surface Mount ROHS","R0402",44.170000,-89.625000,90.000000,top
"R4","62.5mW Thick Film Resistors 50V ±100ppm/℃ ±1% 20kΩ 0402 Chip Resistor - Surface Mount ROHS","R0402",57.250000,-115.265000,0.000000,top
"R5","62.5mW Thick Film Resistors 50V ±100ppm/℃ ±1% 51kΩ 0402 Chip Resistor - Surface Mount ROHS","R0402",58.270000,-116.230000,0.000000,top
"R6","62.5mW Thick Film Resistors 50V ±100ppm/℃ ±1% 20kΩ 0402 Chip Resistor - Surface Mount ROHS","R0402",55.475000,-107.440000,180.000000,top
"R7","62.5mW Thick Film Resistors 50V ±100ppm/℃ ±1% 20kΩ 0402 Chip Resistor - Surface Mount ROHS","R0402",57.000000,-107.890000,-90.000000,top
"U1","?","TAG-CONNECT_TC2050-IDC",55.095000,-100.360000,0.000000,top
"U2","?","USB-C-SMD_KH-TYPE-C-16P",45.955000,-114.325000,-90.000000,top
"U3","?","MIC-SMD_5P_L3.5-W2.7-P0.82_SPH0641LU4H-1",57.870000,-93.315000,0.000000,top
"U4","?","SOT-223-3_L6.5-W3.4-P2.30-LS7.0-BR",50.670000,-93.915000,180.000000,top
"U5","?","WIRELM-SMD_ESP32-S3-WROOM-1",50.520000,-78.825000,90.000000,top
"U6","?","KEY-SMD_4P-L4.2-W3.2-P2.20-LS4.6",42.500000,-98.000000,-90.000000,top
"U7","?","COMM-TH_HS12864G18B",103.925000,-93.850000,0.000000,top
"U8","?","LED0402-RD",55.850000,-109.205000,-90.000000,top
"U9","?","LED0402-RD",54.725000,-109.200000,-90.000000,top
"U10","?","QFN-20_L3.0-W3.0-P0.50-BL-EP1.7_EFM8BB21F16G",56.280000,-112.425000,-90.000000,top
"U11","?","CONN-TH_5P-P2.50_XH-5A_C2318",45.130000,-129.030000,90.000000,top
"U12","?","LED-SMD_4P-L2.0-W2.0-BR",51.875000,-124.945000,0.000000,top
"U13","?","LED-SMD_4P-L2.0-W2.0-BR",56.875000,-124.945000,0.000000,top
"U14","?","LED-SMD_4P-L2.0-W2.0-BR",61.875000,-124.945000,0.000000,top
"U15","?","LED-SMD_4P-L2.0-W2.0-BR",66.875000,-124.945000,0.000000,top
"U16","?","LED-SMD_4P-L2.0-W2.0-BR",71.875000,-124.945000,0.000000,top
"U17","?","LED-SMD_4P-L2.0-W2.0-BR",76.875000,-124.945000,0.000000,top
"U18","?","LED-SMD_4P-L2.0-W2.0-BR",81.875000,-124.945000,0.000000,top
"U19","?","LED-SMD_4P-L2.0-W2.0-BR",86.875000,-124.945000,0.000000,top
"U20","?","LED-SMD_4P-L2.0-W2.0-BR",91.875000,-124.945000,0.000000,top
"U21","?","LED-SMD_4P-L2.0-W2.0-BR",96.875000,-124.945000,0.000000,top
"U22","?","LED-SMD_4P-L2.0-W2.0-BR",101.870000,-124.940000,0.000000,top
"U23","?","LED-SMD_4P-L2.0-W2.0-BR",106.870000,-124.940000,0.000000,top
"U24","?","LED-SMD_4P-L2.0-W2.0-BR",111.870000,-124.940000,0.000000,top
"U25","?","LED-SMD_4P-L2.0-W2.0-BR",116.870000,-124.940000,0.000000,top
"U26","?","LED-SMD_4P-L2.0-W2.0-BR",121.870000,-124.940000,0.000000,top
"U27","?","LED-SMD_4P-L2.0-W2.0-BR",126.870000,-124.940000,0.000000,top
"U28","?","LED-SMD_4P-L2.0-W2.0-BR",131.870000,-124.940000,0.000000,top
"U29","?","LED-SMD_4P-L2.0-W2.0-BR",136.870000,-124.940000,0.000000,top
"U30","?","LED-SMD_4P-L2.0-W2.0-BR",141.870000,-124.940000,0.000000,top
"U31","?","LED-SMD_4P-L2.0-W2.0-BR",146.870000,-124.940000,0.000000,top
"U32","?","LED-SMD_4P-L2.0-W2.0-BR",51.870000,-133.265000,0.000000,top
"U33","?","LED-SMD_4P-L2.0-W2.0-BR",56.870000,-133.265000,0.000000,top
"U34","?","LED-SMD_4P-L2.0-W2.0-BR",61.870000,-133.265000,0.000000,top
"U35","?","LED-SMD_4P-L2.0-W2.0-BR",66.870000,-133.265000,0.000000,top
"U36","?","LED-SMD_4P-L2.0-W2.0-BR",71.870000,-133.265000,0.000000,top
"U37","?","LED-SMD_4P-L2.0-W2.0-BR",76.870000,-133.265000,0.000000,top
"U38","?","LED-SMD_4P-L2.0-W2.0-BR",81.870000,-133.265000,0.000000,top
"U39","?","LED-SMD_4P-L2.0-W2.0-BR",86.870000,-133.265000,0.000000,top
"U40","?","LED-SMD_4P-L2.0-W2.0-BR",91.870000,-133.265000,0.000000,top
"U41","?","LED-SMD_4P-L2.0-W2.0-BR",96.870000,-133.265000,0.000000,top
"U42","?","LED-SMD_4P-L2.0-W2.0-BR",101.870000,-133.265000,0.000000,top
"U43","?","LED-SMD_4P-L2.0-W2.0-BR",106.870000,-133.265000,0.000000,top
"U44","?","LED-SMD_4P-L2.0-W2.0-BR",111.870000,-133.265000,0.000000,top
"U45","?","LED-SMD_4P-L2.0-W2.0-BR",116.870000,-133.265000,0.000000,top
"U46","?","LED-SMD_4P-L2.0-W2.0-BR",121.870000,-133.265000,0.000000,top
"U47","?","LED-SMD_4P-L2.0-W2.0-BR",126.870000,-133.265000,0.000000,top
"U48","?","LED-SMD_4P-L2.0-W2.0-BR",131.870000,-133.265000,0.000000,top
"U49","?","LED-SMD_4P-L2.0-W2.0-BR",136.870000,-133.265000,0.000000,top
"U50","?","LED-SMD_4P-L2.0-W2.0-BR",141.870000,-133.265000,0.000000,top
"U51","?","LED-SMD_4P-L2.0-W2.0-BR",146.870000,-133.265000,0.000000,top