Designator,Value,Package,Mid X,Mid Y,Rotation,Layer
"C1","16V 100nF X7R ±10% 0402  Multilayer Ceramic Capacitors MLCC - SMD/SMT ROHS","C0402",74.615790,-121.748441,180.000000,top
"C2","16V 100nF X7R ±10% 0402  Multilayer Ceramic Capacitors MLCC - SMD/SMT ROHS","C0402",79.515790,-121.748441,180.000000,top
"C3","16V 100nF X7R ±10% 0402  Multilayer Ceramic Capacitors MLCC - SMD/SMT ROHS","C0402",84.515790,-121.648441,180.000000,top
"C4","16V 100nF X7R ±10% 0402  Multilayer Ceramic Capacitors MLCC - SMD/SMT ROHS","C0402",89.515790,-121.648441,180.000000,top
"C5","16V 100nF X7R ±10% 0402  Multilayer Ceramic Capacitors MLCC - SMD/SMT ROHS","C0402",94.535790,-121.648441,180.000000,top
"C6","16V 100nF X7R ±10% 0402  Multilayer Ceramic Capacitors MLCC - SMD/SMT ROHS","C0402",99.535790,-121.648441,180.000000,top
"C7","16V 100nF X7R ±10% 0402  Multilayer Ceramic Capacitors MLCC - SMD/SMT ROHS","C0402",104.615790,-121.648441,180.000000,top
"C8","16V 100nF X7R ±10% 0402  Multilayer Ceramic Capacitors MLCC - SMD/SMT ROHS","C0402",109.515790,-121.648441,180.000000,top
"C9","16V 100nF X7R ±10% 0402  Multilayer Ceramic Capacitors MLCC - SMD/SMT ROHS","C0402",114.595790,-121.648441,180.000000,top
"C10","16V 100nF X7R ±10% 0402  Multilayer Ceramic Capacitors MLCC - SMD/SMT ROHS","C0402",119.435790,-121.648441,180.000000,top
"U1","?","LED-SMD_4P-L2.0-W2.0-BR",74.365790,-119.898441,0.000000,top
"U2","?","LED-SMD_4P-L2.0-W2.0-BR",79.365790,-119.898441,0.000000,top
"U3","?","LED-SMD_4P-L2.0-W2.0-BR",84.365790,-119.898441,0.000000,top
"U4","?","LED-SMD_4P-L2.0-W2.0-BR",89.365790,-119.898441,0.000000,top
"U5","?","LED-SMD_4P-L2.0-W2.0-BR",94.365790,-119.898441,0.000000,top
"U6","?","LED-SMD_4P-L2.0-W2.0-BR",99.365790,-119.898441,0.000000,top
"U7","?","LED-SMD_4P-L2.0-W2.0-BR",104.365790,-119.898441,0.000000,top
"U8","?","LED-SMD_4P-L2.0-W2.0-BR",109.365790,-119.898441,0.000000,top
"U9","?","LED-SMD_4P-L2.0-W2.0-BR",114.365790,-119.898441,0.000000,top
"U10","?","LED-SMD_4P-L2.0-W2.0-BR",119.365790,-119.898441,0.000000,top