{"led1": {"instance_path": "/github/workspace/elec/src/ledrow-x10.ato:LedrowX10::led1", "layout_path": "/github/workspace/elec/src/sk6805-ec20/elec/layout/default/sk6805-ec20.kicad_pcb", "uuid_map": {"ec92ecdf-eb1c-f713-4496-c6c24ef23647": "cae87d37-067b-ab79-5c13-cbe5fc2d6690", "51d88906-23c4-46cb-83ed-95248f05b044": "8c7b90b6-d256-3afe-40e0-3d7a9a84723b"}}, "led2": {"instance_path": "/github/workspace/elec/src/ledrow-x10.ato:LedrowX10::led2", "layout_path": "/github/workspace/elec/src/sk6805-ec20/elec/layout/default/sk6805-ec20.kicad_pcb", "uuid_map": {"595d83a4-6981-9a3e-b8e3-c8c00437124d": "cae87d37-067b-ab79-5c13-cbe5fc2d6690", "ae73b2cb-e439-ffc3-e8df-ade9bff5b6c8": "8c7b90b6-d256-3afe-40e0-3d7a9a84723b"}}, "led3": {"instance_path": "/github/workspace/elec/src/ledrow-x10.ato:LedrowX10::led3", "layout_path": "/github/workspace/elec/src/sk6805-ec20/elec/layout/default/sk6805-ec20.kicad_pcb", "uuid_map": {"5b0037f4-41c7-9794-9e33-c81e758b4b1b": "cae87d37-067b-ab79-5c13-cbe5fc2d6690", "ae9d66de-9e09-82c0-5b68-adea4329f2c2": "8c7b90b6-d256-3afe-40e0-3d7a9a84723b"}}, "led4": {"instance_path": "/github/workspace/elec/src/ledrow-x10.ato:LedrowX10::led4", "layout_path": "/github/workspace/elec/src/sk6805-ec20/elec/layout/default/sk6805-ec20.kicad_pcb", "uuid_map": {"3e8c5287-c014-52c2-4b5b-a57568ae5704": "cae87d37-067b-ab79-5c13-cbe5fc2d6690", "e84eb2d3-35e8-d22a-9731-3bd75ffee22f": "8c7b90b6-d256-3afe-40e0-3d7a9a84723b"}}, "led5": {"instance_path": "/github/workspace/elec/src/ledrow-x10.ato:LedrowX10::led5", "layout_path": "/github/workspace/elec/src/sk6805-ec20/elec/layout/default/sk6805-ec20.kicad_pcb", "uuid_map": {"a7e5dda1-25eb-0855-729b-f27b41e343cc": "cae87d37-067b-ab79-5c13-cbe5fc2d6690", "121843ea-9581-1748-b593-71087209970c": "8c7b90b6-d256-3afe-40e0-3d7a9a84723b"}}, "led6": {"instance_path": "/github/workspace/elec/src/ledrow-x10.ato:LedrowX10::led6", "layout_path": "/github/workspace/elec/src/sk6805-ec20/elec/layout/default/sk6805-ec20.kicad_pcb", "uuid_map": {"1df6d733-8f2e-8e22-b671-a0d525dc14d1": "cae87d37-067b-ab79-5c13-cbe5fc2d6690", "5518369e-2fa5-2937-30a1-d01c9413b933": "8c7b90b6-d256-3afe-40e0-3d7a9a84723b"}}, "led7": {"instance_path": "/github/workspace/elec/src/ledrow-x10.ato:LedrowX10::led7", "layout_path": "/github/workspace/elec/src/sk6805-ec20/elec/layout/default/sk6805-ec20.kicad_pcb", "uuid_map": {"3244a211-7a8b-c5b9-7add-ee4f21311a49": "cae87d37-067b-ab79-5c13-cbe5fc2d6690", "06ae3094-f1a1-ee02-f205-1843602855d2": "8c7b90b6-d256-3afe-40e0-3d7a9a84723b"}}, "led8": {"instance_path": "/github/workspace/elec/src/ledrow-x10.ato:LedrowX10::led8", "layout_path": "/github/workspace/elec/src/sk6805-ec20/elec/layout/default/sk6805-ec20.kicad_pcb", "uuid_map": {"f2f3595c-364b-578d-124d-323bdd9980e9": "cae87d37-067b-ab79-5c13-cbe5fc2d6690", "ceba6b2a-50ce-529a-5ddc-da1a6c0ee549": "8c7b90b6-d256-3afe-40e0-3d7a9a84723b"}}, "led9": {"instance_path": "/github/workspace/elec/src/ledrow-x10.ato:LedrowX10::led9", "layout_path": "/github/workspace/elec/src/sk6805-ec20/elec/layout/default/sk6805-ec20.kicad_pcb", "uuid_map": {"6bd63331-b08a-a61c-8bad-d2cb52e90841": "cae87d37-067b-ab79-5c13-cbe5fc2d6690", "b92d5731-37d4-c9d9-997a-9726809d6f6f": "8c7b90b6-d256-3afe-40e0-3d7a9a84723b"}}, "led10": {"instance_path": "/github/workspace/elec/src/ledrow-x10.ato:LedrowX10::led10", "layout_path": "/github/workspace/elec/src/sk6805-ec20/elec/layout/default/sk6805-ec20.kicad_pcb", "uuid_map": {"533c8580-e5af-35f4-142b-48b7596511d3": "cae87d37-067b-ab79-5c13-cbe5fc2d6690", "797e4da9-e37b-4270-e1f9-e13338013a40": "8c7b90b6-d256-3afe-40e0-3d7a9a84723b"}}}